<service>
	<id>securosdispatchmodule10x.exe</id>
	<name>SecurOS Dispatch Module 10.x</name>
	<description>SecurOS Plugin to Dispatch Module, </description>
	<executable>C:\Program Files\nodejs\node.exe</executable>
	<argument>--harmony</argument>
	<argument>C:\Users\Garcia\Documents\DanielGarcia\jobs\iss\integretionServer\IntegrationServer\node_modules\node-windows\lib\wrapper.js</argument>
	<argument>--file</argument>
	<argument>C:\Users\Garcia\Documents\DanielGarcia\jobs\iss\integretionServer\IntegrationServer\src\index.js</argument>
	<argument>--scriptoptions=</argument>
	<argument>--log</argument>
	<argument>SecurOS Dispatch Module 10.x wrapper</argument>
	<argument>--grow</argument>
	<argument>0.25</argument>
	<argument>--wait</argument>
	<argument>1</argument>
	<argument>--maxrestarts</argument>
	<argument>3</argument>
	<argument>--abortonerror</argument>
	<argument>n</argument>
	<argument>--stopparentfirst</argument>
	<argument>undefined</argument>
	<logmode>rotate</logmode>
	<stoptimeout>30sec</stoptimeout>
	<serviceaccount>
		<domain>LAPTOP-DN5UQDDE</domain>
		<user>LocalSystem</user>
		<password></password>
	</serviceaccount>
	<workingdirectory>C:\Users\Garcia\Documents\DanielGarcia\jobs\iss\integretionServer\IntegrationServer\src</workingdirectory>
</service>